{
  "goal": {
    "rot": 2.670353889465332,
    "x": 541.9444580078125,
    "y": 461.7776794433594
  },
  "planets": [
    {
      "graphId": "gray",
      "gravityMultiplier": 1.0,
      "isSatellite": false,
      "radius": 150.0,
      "rotationOriginOffsetX": 0.0,
      "rotationOriginOffsetY": -161.0,
      "rotationSpeed": 0.0,
      "x": -539.952392578125,
      "y": 529.833251953125
    },
    {
      "graphId": "gray",
      "gravityMultiplier": 1.5,
      "isSatellite": false,
      "radius": 150.0,
      "rotationOriginOffsetX": 0.0,
      "rotationOriginOffsetY": -180.0,
      "rotationSpeed": 0.0,
      "x": 14.217538833618164,
      "y": 399.7965087890625
    },
    {
      "graphId": "orange_big",
      "gravityMultiplier": 1.0,
      "isSatellite": false,
      "radius": 250.0,
      "rotationOriginOffsetX": 0.0,
      "rotationOriginOffsetY": -280.0,
      "rotationSpeed": 0.0,
      "x": -741.6666870117188,
      "y": -14.666641235351563
    },
    {
      "graphId": "purple",
      "gravityMultiplier": 1.0,
      "isSatellite": false,
      "radius": 175.0,
      "rotationOriginOffsetX": 0.0,
      "rotationOriginOffsetY": -161.0,
      "rotationSpeed": 0.0,
      "x": 484.0,
      "y": 340.0
    }
  ],
  "playableAreas": [
    {
      "end": {
        "x": 1486.666748046875,
        "y": 1984.9998779296875
      },
      "start": {
        "x": -1638.3330078125,
        "y": -884.9998779296875
      }
    }
  ],
  "start": {
    "x": -490.0,
    "y": 77.00006103515625
  }
}