{
  "goal": {
    "rot": 0.8377580642700195,
    "x": -107.00006103515625,
    "y": 539.75
  },
  "planets": [
    {
      "graphId": "purple",
      "gravityMultiplier": 1.0,
      "isSatellite": false,
      "radius": 175.0,
      "rotationOriginOffsetX": 0.0,
      "rotationOriginOffsetY": -205.0,
      "rotationSpeed": 0.0,
      "x": 133.75,
      "y": -689.0
    },
    {
      "graphId": "purple",
      "gravityMultiplier": 1.0,
      "isSatellite": false,
      "radius": 175.0,
      "rotationOriginOffsetX": 0.0,
      "rotationOriginOffsetY": -205.0,
      "rotationSpeed": 0.0,
      "x": 913.416748046875,
      "y": 167.666748046875
    },
    {
      "graphId": "orange_big",
      "gravityMultiplier": 2.0,
      "isSatellite": false,
      "radius": 250.0,
      "rotationOriginOffsetX": 0.0,
      "rotationOriginOffsetY": -280.0,
      "rotationSpeed": 0.0,
      "x": -260.58331298828125,
      "y": 681.666748046875
    }
  ],
  "start": {
    "x": 126.99993896484375,
    "y": -478.9165954589844
  }
}