{
  "goal": {
    "rot": -1.9024088382720947,
    "x": -126.25001525878906,
    "y": 46.2500114440918
  },
  "planets": [
    {
      "graphId": "purple",
      "gravityMultiplier": 1.0,
      "isSatellite": false,
      "radius": 175.0,
      "rotationOriginOffsetX": 0.0,
      "rotationOriginOffsetY": -205.0,
      "rotationSpeed": 0.0,
      "x": 0.0,
      "y": -2.500000238418579
    },
    {
      "graphId": "gray",
      "gravityMultiplier": 1.0,
      "isSatellite": true,
      "radius": 150.0,
      "rotationOriginOffsetX": -390.0000915527344,
      "rotationOriginOffsetY": -397.50006103515625,
      "rotationSpeed": 0.8726646304130554,
      "x": 381.666748046875,
      "y": 400.8334045410156
    }
  ],
  "playableAreas": [
    {
      "end": {
        "x": 0.0,
        "y": 0.0
      },
      "start": {
        "x": 0.0,
        "y": 0.0
      }
    }
  ],
  "start": {
    "x": 128.75001525878906,
    "y": -157.50001525878906
  }
}