{
  "goal": {
    "rot": 3.7873647212982178,
    "x": -489.63360595703125,
    "y": 665.7847290039063
  },
  "planets": [
    {
      "graphId": "orange_big",
      "gravityMultiplier": 1.0,
      "isSatellite": false,
      "radius": 250.0,
      "rotationOriginOffsetX": 0.0,
      "rotationOriginOffsetY": -280.0,
      "rotationSpeed": 0.0,
      "x": 120.0,
      "y": -66.0
    },
    {
      "graphId": "gray_small",
      "gravityMultiplier": 1.0,
      "isSatellite": true,
      "radius": 50.0,
      "rotationOriginOffsetX": -343.7142639160156,
      "rotationOriginOffsetY": -15.714284896850586,
      "rotationSpeed": 1.0646508932113647,
      "x": -83.0,
      "y": 597.0
    },
    {
      "graphId": "gray",
      "gravityMultiplier": 1.0,
      "isSatellite": false,
      "radius": 150.0,
      "rotationOriginOffsetX": 0.0,
      "rotationOriginOffsetY": -180.0,
      "rotationSpeed": 0.0,
      "x": -424.0,
      "y": 578.0
    }
  ],
  "playableAreas": [
    {
      "end": {
        "x": -2345.0,
        "y": 2770.000244140625
      },
      "start": {
        "x": 1215.0,
        "y": -829.999755859375
      }
    }
  ],
  "start": {
    "x": -55.583343505859375,
    "y": 150.66665649414063
  }
}